42952	February 20, 2022, 03:53:06 pm	Regiments (Game Clans)	Re: 13th Virginia Infantry NA-[Est.2019]
35994	May 31, 2017, 04:05:18 pm	Regiments	Re: Hugo's Guide to leading and maintaining a Regiment
443	March 20, 2016, 08:06:14 am	Regiments	Re: Nox Viator Gaming [Recruiting NA Leadership &amp; Players]
443	March 18, 2016, 06:41:32 pm	Regiments	Re: Coldstream Regiment of Footguards [Recruiting NA Leadership &amp; Players]
443	March 18, 2016, 01:39:54 am	Regiments	Re: Coldstream Regiment of Footguards [Recruiting NA Leadership &amp; Players]
25635	August 17, 2015, 12:48:35 am	Events: NA	Re: The Black Watch - Siege Event 
24155	August 13, 2015, 07:42:20 am	Confederates	Re: 9th Kentucky Infantry Regiment [NA]
13959	August 12, 2015, 10:18:07 am	Regiments	Re: 22nd (Cheshire) Regiment of Foot - &quot;The Red Knights&quot; [NA - TNWL Semi-Pro Champs]
24855	August 12, 2015, 06:56:46 am	Events	Re: Dixieland Army Thursday Night 8est Event Hosted by:Bragg's Brigade 
25133	August 09, 2015, 03:40:28 am	Events: NA	Re: Weekly Tuesday Line-Only Line Battle! Next event 8/4/15! 8PM EST
22280	August 09, 2015, 03:18:50 am	Events: NA	Re: 63ème Régiment d'Infanterie Saturday Siege 8:00 PM EST  *NEW THREAD, REAPPLY*
443	August 09, 2015, 12:22:32 am	Regiments	Re: Coldstream Regiment of Foot Guards [International]
24093	August 08, 2015, 11:20:45 am	Regiments	Re: 00th Intergalactic Space Regiment }Proud member of  the Community for 3 years!
443	August 08, 2015, 04:51:05 am	Regiments	Re: Coldstream Regiment of Foot Guards [International]
1119	August 05, 2015, 12:42:37 am	Off Topic	Re: What are you listening to right now?
25471	August 04, 2015, 11:49:33 pm	Regiments	Re: 61st (South Gloucestershire) Regiment of Foot || Recruiting EU
25211	August 04, 2015, 07:34:11 pm	Regiments	Re: The 19te Prussian Infantry [International] @ It Since 2011! *Round Cuatro*
25257	August 04, 2015, 06:33:03 pm	Community	Re: Coldstream Public Teamspeak
443	August 03, 2015, 06:18:57 pm	Regiments	Re: Coldstream Regiment of Footguards [International]
5037	August 01, 2015, 11:34:41 pm	Events: NA	Re: Super Top Secret Thundersnow FRIDAY Linebattle Extravaganza (3yrs and running!!)
443	August 01, 2015, 11:32:23 pm	Regiments	Re: Coldstream Regiment of Footguards [International]
443	July 31, 2015, 04:24:06 am	Regiments	Re: Coldstream Regiment of Footguards [International]
443	July 29, 2015, 05:34:13 am	Regiments	Re: Coldstream Regiment of Footguards [International]
22631	July 28, 2015, 02:01:36 pm	Regiments	Re: Regiment List
443	July 28, 2015, 04:16:28 am	Regiments	Re: Coldstream Regiment of Footguards [Recruiting Mature NA &amp; EU Players]
23768	July 26, 2015, 12:48:30 pm	Events: EU	Re: Miquelets Sunday linebattle *SIGN UPS OPEN*
25257	July 25, 2015, 10:56:16 am	Community	Coldstream Public Teamspeak
443	July 25, 2015, 04:40:28 am	Regiments	Re: Coldstream Regiment of Footguards [Recruiting Mature NA &amp; EU Players]
443	July 25, 2015, 04:33:54 am	Regiments	Re: Coldstream Regiment of Footguards [Recruiting Mature NA &amp; EU Players]
24624	July 23, 2015, 02:03:07 am	Events: NA	Re: [Wednesday / 8 PM EST] Good Ol' Simple Line Only Line Battle 
23659	July 23, 2015, 02:00:07 am	Events: NA	Re: [8pmEST] Bush Wookie Gaming Native Battle [Wednesday].
443	July 23, 2015, 12:09:51 am	Regiments	Re: Coldstream Regiment of Footguards [Recruiting Mature NA &amp; EU Players]
443	July 19, 2015, 06:13:03 pm	Regiments	Re: Coldstream Regiment of Footguards [Recruiting Mature NA &amp; EU Players]
22155	July 19, 2015, 05:24:32 am	Regiments	Re: 87th Royal Irish Fusiliers ♦ FOUR YEARS OLD ♦ Always Recruiting!! ♦ 
443	July 19, 2015, 05:22:43 am	Regiments	Re: Coldstream Regiment of Footguards [Recruiting Mature NA &amp; EU Players]
18963	July 18, 2015, 03:36:25 pm	Events: EU	Re: 2aBH Sunday LineBattle [EU]
443	July 18, 2015, 02:02:27 pm	Regiments	Re: Coldstream Regiment of Footguards [Recruiting Mature NA &amp; EU Players]
15393	July 18, 2015, 01:09:57 pm	Events: NA	Re: 63ème Régiment d'Infanterie de Ligne Sunday Linebattle! NOW HOSTING TWO EVENTS!
24208	July 18, 2015, 01:06:56 pm	Events: NA	Re: North American Hardcore Linebattle [Fridays &amp; Tuesdays]
443	July 15, 2015, 10:29:18 am	Regiments	Re: Coldstream Regiment of Footguards [Recruiting Mature NA &amp; EU Players]
22631	July 12, 2015, 10:30:21 pm	Regiments	Re: Regiment List
24917	July 12, 2015, 10:12:10 pm	Regiments	Re: 42nd (Royal Highland) Regiment of Foot - The Black Watch [NA]
443	July 12, 2015, 10:07:02 pm	Regiments	Re: Coldstream Regiment of Footguards [Recruiting Mature NA &amp; EU Players]
394	July 12, 2015, 06:31:59 am	Regiments	Re: Kavalergardskiy Polk [NA] *Recruiting*
443	July 12, 2015, 03:17:45 am	Regiments	Re: Coldstream Regiment of Footguards [Recruiting Mature NA &amp; EU Players]
22155	July 11, 2015, 12:05:00 am	Regiments	Re: 87th Royal Irish Fusiliers ♦ FOUR YEARS OLD ♦ Always Recruiting!! ♦ 
443	July 10, 2015, 10:06:00 pm	Regiments	Re: Coldstream Regiment of Footguards [Recruiting Mature NA &amp; EU Players]
443	July 08, 2015, 01:20:23 am	Regiments	Re: Coldstream Regiment of Footguards [Recruiting Mature NA &amp; EU Players]
22956	July 08, 2015, 12:46:00 am	Events: NA	Re: The 26e Tuesday Linebattle - 8PM EST
443	July 06, 2015, 02:07:20 am	Regiments	Re: Coldstream Regiment of Footguards [Recruiting Mature NA &amp; EU Players]
443	July 05, 2015, 04:55:39 pm	Regiments	Re: Coldstream Regiment of Footguards [Recruiting Mature NA &amp; EU Players]
22155	July 04, 2015, 05:50:30 pm	Regiments	Re: 87th Royal Irish Fusiliers ♦ FOUR YEARS OLD ♦ Always Recruiting!! ♦ 
443	July 04, 2015, 05:31:41 pm	Regiments	Re: Coldstream Regiment of Footguards [Recruiting Mature NA &amp; EU Players]
443	July 04, 2015, 04:36:44 am	Regiments	Re: Coldstream Regiment of Footguards [Recruiting Mature NA &amp; EU Players]
443	July 03, 2015, 11:23:55 am	Regiments	Re: Coldstream Regiment of Footguards [Recruiting Mature NA &amp; EU Players]
443	July 02, 2015, 03:10:28 am	Regiments	Re: Coldstream Regiment of Footguards [Recuriting Mature NA Players]
24651	July 01, 2015, 03:24:44 pm	Regiments	Re: 16th Coldstream Regiment of Footguards [WIP, NA,  Always Recruiting!]
22155	July 01, 2015, 02:49:09 pm	Regiments	Re: 87th Royal Irish Fusiliers ♦ FOUR YEARS OLD ♦ Always Recruiting!! ♦ 
443	July 01, 2015, 02:48:14 pm	Regiments	Re: Coldstream Regiment of Footguards [Recuriting Mature NA Players]
5037	July 01, 2015, 04:56:54 am	Events: NA	Re: The Super Top Secret Thundersnow Friday Linebattle Extravaganza[MAjOR RUle CHANG
443	July 01, 2015, 02:28:52 am	Regiments	Re: 2nd Coldstream Regiment of Footguards [Recruiting Mature NA Players]
23003	July 01, 2015, 02:26:08 am	Events: NA	Re: [8pm EST] Bush Wookie Gaming LB [Tuesday, Friday, Saturday]
23003	June 29, 2015, 09:26:29 am	Events: NA	Re: [8pm EST] Bush Wookie Gaming LB [Tuesday, Friday, Saturday]
443	June 28, 2015, 03:19:28 am	Regiments	Re: 2nd Coldstream Regiment of Footguards [Recruiting Mature NA Players]
443	June 26, 2015, 08:54:45 am	Regiments	Re: 2nd Coldstream Regiment of Footguards [Recruiting Mature NA Players]
443	June 24, 2015, 01:48:17 am	Regiments	Re: 2nd Coldstream Regiment of Footguards [Recruiting Mature NA Players]
15393	June 22, 2015, 01:56:39 am	Events: NA	Re: 63ème Régiment d'Infanterie de Ligne Sunday Linebattle! NOW HOSTING TWO EVENTS!
443	June 22, 2015, 12:53:19 am	Regiments	Re: 2nd Coldstream Regiment of Footguards [Recruiting Mature NA Players]
15393	June 21, 2015, 11:43:23 pm	Events: NA	Re: 63ème Régiment d'Infanterie de Ligne Sunday Linebattle! NOW HOSTING TWO EVENTS!
443	June 21, 2015, 12:38:18 am	Regiments	Re: 2nd Coldstream Regiment of Footguards [Recruiting Mature NA Players]
443	June 19, 2015, 12:10:48 am	Regiments	Re: 2nd Coldstream Regiment of Footguards [Recruiting Mature NA Players]
443	June 18, 2015, 04:20:33 am	Regiments	Re: 2nd Coldstream Regiment of Footguards [Recruiting Mature NA Players]
443	June 17, 2015, 03:31:22 am	Regiments	Re: 2nd Coldstream Regiment of Footguards [Recruiting Mature NA Players]
443	June 17, 2015, 02:43:26 am	Regiments	Re: 2nd Coldstream Regiment of Footguards [Recruiting Mature NA Players]
443	June 17, 2015, 12:10:34 am	Regiments	Re: 2nd Coldstream Regiment of Footguards [Recruiting Mature NA Players]
443	June 16, 2015, 05:07:27 am	Regiments	Re: 2nd Coldstream Regiment of Footguards [Recruiting Mature NA Players]
23659	June 16, 2015, 03:10:28 am	Events: NA	Re: [8pmEST] Bush Wookie Gaming Native Battle [Wednesday].
24093	June 15, 2015, 12:00:51 pm	Regiments	Re: 00th Intergalactic Space Regiment }Proud member of  the Community for 3 years!
15393	June 15, 2015, 07:36:22 am	Events: NA	Re: 63ème Régiment d'Infanterie de Ligne Sunday Linebattle! NOW HOSTING TWO EVENTS!
24362	June 15, 2015, 07:27:56 am	Events: NA	Re: 12te Thursday Line Battle - 8:30 pm EST
443	June 15, 2015, 06:02:18 am	Regiments	Re: 2nd Coldstream Regiment of Footguards [Recruiting Mature NA Players]
22631	June 15, 2015, 01:18:56 am	Regiments	Re: Regiment List
443	June 15, 2015, 01:06:32 am	Regiments	Re: 2nd Coldstream Regiment of Footguards [Invite Only]
22280	June 14, 2015, 11:08:45 pm	Events: NA	Re: 63ème Régiment d'Infanterie Saturday Siege 8:00 PM EST  *NEW THREAD, REAPPLY*
23003	June 14, 2015, 01:24:40 am	Events: NA	Re: [8pm EST] Bush Wookie Gaming LB [Tuesday, Friday, Saturday]
23659	June 11, 2015, 09:35:09 am	Events: NA	Re: [8pmEST] Bush Wookie Gaming Native Battle [Wednesday].
23793	June 11, 2015, 09:21:50 am	Community	Re: Have you met anyone in the community you would consider family?
443	September 29, 2014, 06:50:17 pm	Regiments	Re: 2nd Coldstream Regiment of Footguards [Invite Only]
443	September 28, 2014, 10:26:55 pm	Regiments	Re: 2nd Coldstream Regiment of Footguards [Recruiting Mature NA &amp; EU Players]
443	September 23, 2014, 08:09:36 pm	Regiments	Re: 2nd Coldstream Regiment of Footguards [Recruiting Mature NA &amp; EU Players]
443	September 21, 2014, 03:56:34 am	Regiments	Re: 2nd Coldstream Regiment of Footguards [Recruiting Mature NA Players]
443	May 28, 2014, 10:40:29 am	Regiments	Re: 2nd Coldstream Regiment of Footguards [Recruiting NA Players]
443	January 13, 2014, 03:28:40 am	Regiments	Re: 2nd Coldstream Regiment of Footguards [Recruiting NA Players]
443	September 20, 2013, 06:59:41 pm	Regiments	Re: 2nd Coldstream Regiment of Footguards [Recruiting NA Players]
443	September 16, 2013, 10:24:00 pm	Regiments	Re: 2nd Coldstream Regiment of Footguards [Recruiting NA Players]
42	September 12, 2013, 08:28:18 am	Regiments	Re: 9ème Regiment d'Infanterie Légère - &quot;l'Incomparable&quot;
8486	September 12, 2013, 04:16:02 am	Community	Re: Lax or Stricter regiments? Your opinion?
443	September 12, 2013, 04:06:34 am	Regiments	Re: 2nd Coldstream Regiment of Footguards [Recruiting NA Players]
443	September 11, 2013, 11:56:31 pm	Regiments	Re: 2nd Coldstream Regiment of Footguards [Recruiting NA Players]
443	September 11, 2013, 04:46:24 pm	Regiments	Re: 2nd Coldstream Regiment of Footguards [Recruiting NA Players]
3664	September 10, 2013, 04:15:27 am	Regiments	Re: The Royal Army
5724	September 07, 2013, 03:20:53 pm	Community	Re: To Leaders - How did you come about leading?
8347	September 07, 2013, 03:05:06 pm	Events: EU	Re: Battle Of the Colonels. [N/A] [Tuesdays and Fridays]
443	September 06, 2013, 03:47:01 pm	Regiments	Re: 2nd Coldstream Regiment of Footguards [Recruiting NA Players]
8347	August 31, 2013, 04:14:54 pm	Events: EU	Re: Battle Of the Colonels. [N/A] [Tuesdays and Fridays]
2383	August 31, 2013, 10:32:09 am	Media	Re: 2nd Coldstream Regiment Youtube Page [North American]
443	August 30, 2013, 03:42:40 am	Regiments	Re: 2nd Coldstream Regiment of Footguards [Recruiting NA Players]
443	August 24, 2013, 03:36:46 am	Regiments	Re: 2nd Coldstream Regiment of Footguards [Recruiting NA Players]
3664	August 23, 2013, 09:50:01 pm	Regiments	Re: The Royal Army
443	August 23, 2013, 03:37:23 am	Regiments	Re: 2nd Coldstream Regiment of Footguards [Recruiting NA Players]
4438	August 21, 2013, 03:03:39 am	Regiments	Re: 29th Worcestershire Regiment Of Foot ____________________[Recruiting NA Players]
75	August 21, 2013, 12:52:17 am	Regiments	Re: 52nd Regiment of Foot 
443	August 20, 2013, 04:00:37 pm	Regiments	Re: 2nd Coldstream Regiment of Footguards [Recruiting NA Players]
4438	August 20, 2013, 03:57:59 pm	Regiments	Re: 29th Worcestershire Regiment Of Foot---Recruiting NA Players---
443	August 20, 2013, 02:29:56 am	Regiments	Re: 2nd Coldstream Regiment of Footguards [Recruiting NA Players]
2958	August 19, 2013, 01:45:11 pm	Regiments	Re: 54th 'West Norfolk' Regiment of Foot
8000	August 19, 2013, 01:12:38 pm	Community	Re: NW Company  (Hiring)
443	August 18, 2013, 03:22:08 pm	Regiments	Re: 2nd Coldstream Regiment of Footguards [Recruiting NA Players]
443	August 15, 2013, 03:54:10 pm	Regiments	Re: 2nd Coldstream Regiment of Footguards [Recruiting NA Players]
7689	August 15, 2013, 02:07:48 pm	Events: EU	Re: 89th Royal Guard Thursday Siege *Accepting Applications!* [NA]
443	August 15, 2013, 02:02:42 pm	Regiments	Re: 2nd Coldstream Regiment of Footguards [Recruiting NA Players]
7709	August 14, 2013, 03:13:50 am	Regiments	Re: Regiment List - New Manager (Again)
3664	August 12, 2013, 07:33:08 am	Regiments	Re: The Royal Army
7709	August 12, 2013, 07:27:50 am	Regiments	Re: Regiment List - New Manager (Again)
443	August 09, 2013, 12:28:22 am	Regiments	Re: 2nd Coldstream Regiment of Footguards [Recruiting NA Players]
443	August 08, 2013, 10:39:22 pm	Regiments	Re: 2nd Coldstream Regiment of Footguards [Recruiting NA Players]
443	August 08, 2013, 04:42:15 am	Regiments	Re: 2nd Coldstream Regiment of Footguards [Recruiting NA Players]
443	August 06, 2013, 04:25:24 am	Regiments	Re: 2nd Coldstream Regiment of Footguards [Recruiting NA Players]
3664	August 04, 2013, 12:56:15 am	Regiments	Re: The Royal Army
443	August 03, 2013, 08:52:01 am	Regiments	Re: 2nd Coldstream Regiment of Footguards [Recruiting NA Players]
7056	August 02, 2013, 01:05:30 am	Community	Re: How Many Hours Have You Played?
7214	August 02, 2013, 01:04:44 am	Community	Re: [Petition]Bring back the Baker Rifle's Bayonet! 400+ Signatures!
6892	July 09, 2013, 12:39:44 am	Regiments	Re: 4chan regiment ----- /b/rothers unite
6567	July 08, 2013, 01:37:32 am	Events: EU	Re: Marius's Casual {NA} Sunday Line Battle!
5576	July 07, 2013, 11:29:36 pm	The Mess Hall	Re: How famous is the player's regiment above you?
352	July 07, 2013, 11:05:26 pm	Events: EU	Re: SAdraGoons North American Sunday Line Battle Event: Blood for Duke Dickebutte
443	July 04, 2013, 03:39:35 am	Regiments	Re: 2nd Coldstream Regiment of Footguards [Recruiting NA Players]
443	July 03, 2013, 11:32:45 pm	Regiments	Re: 2nd Coldstream Regiment of Footguards [Recruiting NA Players]
443	July 03, 2013, 11:28:13 pm	Regiments	Re: 2nd Coldstream Regiment of Footguards [Recruiting NA Players]
6567	July 03, 2013, 11:14:02 pm	Events: EU	Re: Marius's Casual {NA} Sunday Line Battle!
6825	July 03, 2013, 10:59:14 pm	Regiments	Re: Regimental Leaders Steam Names
443	June 04, 2013, 10:39:05 pm	Regiments	Re: 2nd Coldstream Regiment of Footguards [Recruiting NA Players]
4049	April 13, 2013, 02:25:31 am	Events: EU	Re: LGC Tuesday/Friday Siege &amp; Linebattle Events! (Accepting applications) [NA]
207	April 11, 2013, 12:59:29 am	Regiments	Re: 2nd Coldstream Guards [EU] *Disbanded*
1727	April 11, 2013, 12:56:55 am	Regiments	Re: Regiment List
4514	April 07, 2013, 11:34:16 pm	Events: EU	Re: NEC Sunday Showdown Event (Siege/Conquest) ~Accepting Applications~
4439	April 06, 2013, 04:10:14 pm	Community	Re: May 2 identicall Regiments exist
4439	April 06, 2013, 05:44:57 am	Community	Re: May 2 identicall Regiments exist
3288	April 06, 2013, 04:49:12 am	Events: EU	Re: NEC Tuesday Friday Line Battles! [~Accepting Applications~]
4049	April 06, 2013, 04:44:38 am	Events: EU	Re: LGC Tuesday/Friday Siege &amp; Linebattle Events! (Accepting applications) [NA]
443	April 05, 2013, 02:36:29 am	Regiments	Re: 2nd Coldstream Regiment of Footguards [Recruiting NA Players]
4438	April 05, 2013, 02:31:33 am	Regiments	Re: 29th Worcestershire Regiment Of Foot---Recruiting NA Players---
443	March 19, 2013, 08:33:38 am	Regiments	Re: 2nd Coldstream Regiment of Footguards [Recruiting NA Players]
443	March 17, 2013, 05:20:52 am	Regiments	Re: 2nd Coldstream Regiment of Footguards [Recruiting NA Players]
443	March 17, 2013, 12:58:20 am	Regiments	Re: 2nd Coldstream Regiment of Footguards [Recruiting NA Players]
1727	March 15, 2013, 03:33:35 am	Regiments	Re: Regiment List
3664	March 15, 2013, 03:28:38 am	Regiments	Re: The Royal Army
3664	March 14, 2013, 11:32:57 pm	Regiments	Re: The Royal Army
3664	March 09, 2013, 05:35:26 am	Regiments	Re: The Royal Army
443	March 09, 2013, 04:50:09 am	Regiments	Re: 2nd Coldstream Regiment of Footguards [Recruiting NA Players]
3664	March 08, 2013, 11:12:33 am	Regiments	Re: The Royal Army
3724	March 08, 2013, 05:05:58 am	Regiments	Re: 4th King's German Legion [NA]
443	March 08, 2013, 04:10:30 am	Regiments	Re: 2nd Coldstream Regiment of Footguards [Recruiting NA Players]
3664	March 07, 2013, 10:57:55 pm	Regiments	Re: The Royal Army
3664	March 06, 2013, 10:24:35 pm	Regiments	Re: The Royal Army
443	March 06, 2013, 05:36:05 am	Regiments	Re: 2nd Coldstream Regiment of Footguards [Recruiting NA Players]
3664	March 06, 2013, 04:51:54 am	Regiments	Re: The Royal Army
3664	March 06, 2013, 04:50:47 am	Regiments	The Royal Army
187	March 04, 2013, 12:58:18 am	Regiments	Re: 89th Royal Guard (Recruiting Mature NA Players)
443	March 04, 2013, 12:54:00 am	Regiments	Re: 2nd Coldstream Regiment of Footguards [Recruiting NA Players]
3596	March 03, 2013, 11:03:45 pm	News &amp; Announcements	Re: Developer Blog 12 - Text Compression &amp; Music
443	March 03, 2013, 07:49:13 pm	Regiments	Re: 2nd Coldstream Regiment of Footguards [Recruiting NA Players]
443	March 03, 2013, 04:33:37 pm	Regiments	Re: 2nd Coldstream Regiment of Footguards [Recruiting NA Players]
2012	March 02, 2013, 08:51:06 pm	Regiments	Re: 3éme Régiment d'Infanterie Légère &quot;3eVolt&quot; [Recruiting skilled American players]
443	March 02, 2013, 04:24:51 am	Regiments	Re: 2nd Coldstream Regiment of Footguards [Recruiting NA Players]
443	March 01, 2013, 07:43:26 pm	Regiments	Re: 2nd Coldstream Regiment of Footguards [Recruiting NA Players]
443	February 23, 2013, 05:55:47 pm	Regiments	Re: 2nd Coldstream Regiment of Footguards [Recruiting NA Players]
73	February 23, 2013, 01:39:10 pm	Regiments	Re: 84e Régiment d'Infanterie de ligne &quot;Un Contre Dix&quot; [Recruiting][EU Only]
443	February 23, 2013, 05:02:15 am	Regiments	Re: 2nd Coldstream Regiment of Footguards [Recruiting NA Players]
443	February 21, 2013, 06:09:47 pm	Regiments	Re: 2nd Coldstream Regiment of Footguards [Recruiting NA Players]
3288	February 20, 2013, 11:54:15 am	Events: EU	Re: NEC Tuesday Friday Line Battles! [We have returned!]
443	February 19, 2013, 10:42:05 pm	Regiments	Re: 2nd Coldstream Regiment of Footguards [Recruiting NA Players]
443	February 15, 2013, 01:26:48 am	Regiments	Re: 2nd Coldstream Regiment of Footguards [Recruiting NA Players]
3149	February 15, 2013, 01:25:32 am	Regiments	Re: 1st Regiment of Foot (Royal Scots) [NA/EU]
443	February 14, 2013, 06:11:55 am	Regiments	Re: 2nd Coldstream Regiment of Footguards [Recruiting NA Players]
2909	February 14, 2013, 01:20:27 am	Events: EU	Re: FG Siege Event(Taking Applications) 
443	February 10, 2013, 12:10:40 am	Regiments	Re: 2nd Coldstream Regiment of Footguards [Recruiting NA Players]
443	February 09, 2013, 01:51:10 pm	Regiments	Re: 2nd Coldstream Regiment of Footguards [Recruiting NA Players]
2976	February 08, 2013, 09:38:43 am	Regiments	Re:  3rd Royal Scots Regiment of Footguards [Recruiting NA Players]
443	February 08, 2013, 05:59:45 am	Regiments	Re: 2nd Coldstream Regiment of Footguards [Recruiting NA Players]
443	February 08, 2013, 02:31:13 am	Regiments	Re: 2nd Coldstream Regiment of Footguards [Recruiting NA Players]
443	February 08, 2013, 12:53:50 am	Regiments	Re: 2nd Coldstream Regiment of Footguards [Recruiting NA Players]
443	February 07, 2013, 03:34:36 am	Regiments	Re: 2nd Coldstream Regiment of Footguards [Recruiting NA Players]
443	February 07, 2013, 12:09:41 am	Regiments	Re: 2nd Coldstream Regiment of Footguards [Recruiting NA Players]
443	February 06, 2013, 11:17:17 am	Regiments	Re: 2nd Coldstream Regiment of Footguards [Recruiting NA Players]
443	February 04, 2013, 12:15:34 am	Regiments	Re: 2nd Coldstream Regiment of Footguards [Recruiting NA Players]
1588	February 01, 2013, 12:47:02 pm	Events: EU	Re: Thursday North American Public Linebattle
443	January 31, 2013, 11:00:01 am	Regiments	Re: 2nd Coldstream Regiment of Footguards [Recruiting NA Players]
443	January 31, 2013, 03:48:25 am	Regiments	Re: 2nd Coldstream Regiment of Footguards [Recruiting NA Players]
443	January 30, 2013, 03:47:03 am	Regiments	Re: 2nd Coldstream Regiment of Footguards [Recruiting NA Players]
2663	January 28, 2013, 12:45:07 am	Community	Re: Community Representative Applications
2663	January 27, 2013, 11:51:09 pm	Community	Re: Community Representative Applications
443	January 27, 2013, 11:41:18 pm	Regiments	Re: 2nd Coldstream Regiment of Footguards [Recruiting NA Players]
2645	January 27, 2013, 09:28:55 pm	Forum &amp; Website	Re: The community deserves better
443	January 27, 2013, 07:18:30 am	Regiments	Re: 2nd Coldstream Regiment of Footguards [Recruiting NA Players]
443	January 27, 2013, 01:20:12 am	Regiments	Re: 2nd Coldstream Regiment of Footguards [Recruiting NA Players]
187	January 26, 2013, 03:59:29 am	Regiments	Re: 89th Royal Guard (Recruiting Mature NA Players)
1588	January 26, 2013, 01:40:28 am	Events: EU	Re: Thursday North American Public Linebattle [Temporarily open]
1588	January 26, 2013, 01:16:02 am	Events: EU	Re: Thursday North American Public Linebattle [Temporarily open]
1588	January 25, 2013, 08:48:04 pm	Events: EU	Re: Thursday North American Public Linebattle [Temporarily open]
2543	January 25, 2013, 08:20:00 pm	Events: EU	Re: FG Linebattle Events (Wednesday) 
2391	January 23, 2013, 03:02:50 am	Regiments	Re: The Prussian Army &quot;An army of Prussian regiments that serve Prussia&quot;
443	January 21, 2013, 03:24:15 am	Regiments	Re: 2nd Coldstream Regiment of Footguards [Recruiting NA Players]
443	January 21, 2013, 01:26:52 am	Regiments	Re: 2nd Coldstream Regiment of Footguards [Recruiting NA Players]
443	January 20, 2013, 01:47:53 am	Regiments	Re: 2nd Coldstream Regiment of Footguards [Recruiting NA Players]
443	January 18, 2013, 06:35:59 pm	Regiments	Re: 2nd Coldstream Regiment of Footguards [Recruiting NA Players]
2383	January 18, 2013, 06:30:32 pm	Media	2nd Coldstream Regiment Youtube Page [North American]
443	January 18, 2013, 03:20:12 am	Regiments	Re: 2nd Coldstream Regiment of Footguards [Recruiting NA Players]
443	January 18, 2013, 12:50:03 am	Regiments	Re: 2nd Coldstream Regiment of Footguards [Recruiting NA Players]
443	January 18, 2013, 12:41:37 am	Regiments	Re: 2nd Coldstream Regiment of Footguards [Recruiting NA Players]
443	January 17, 2013, 10:41:32 pm	Regiments	Re: 2nd Coldstream Regiment of Footguards [Recruiting NA Players]
443	January 17, 2013, 09:56:03 pm	Regiments	Re: 2nd Coldstream Regiment of Footguards [Recruiting NA Players]
2228	January 17, 2013, 07:30:03 pm	The Mess Hall	Re: What's hiding behind your Ctrl-V?
443	January 17, 2013, 06:22:06 pm	Regiments	Re: 2nd Coldstream Regiment of Footguards [Recruiting NA Players]
443	January 17, 2013, 05:13:35 pm	Regiments	Re: 2nd Coldstream Regiment of Footguards [Recruiting NA Players]
443	January 16, 2013, 03:00:42 am	Regiments	Re: 2nd Coldstream Regiment of Footguards [Recruiting NA Players]
443	January 12, 2013, 07:23:44 pm	Regiments	Re: 2nd Coldstream Regiment of Footguards [Recruiting NA Players]
443	January 09, 2013, 03:18:58 am	Regiments	Re: 2nd Coldstream Regiment of Footguards [Recruiting NA Players]
443	January 07, 2013, 12:36:06 am	Regiments	Re: 2nd Coldstream Regiment of Footguards [Recruiting NA Players]
443	January 05, 2013, 09:46:13 pm	Regiments	Re: 2nd Coldstream Regiment of Footguards [Recruiting NA Players]
2012	January 05, 2013, 06:52:14 am	Regiments	Re: 14th Regiment of Footguards &quot;Iron Guards&quot;
443	January 03, 2013, 10:36:49 pm	Regiments	Re: 2nd Coldstream Regiment of Footguards [Recruiting NA Players]
443	January 02, 2013, 10:24:05 pm	Regiments	Re: 2nd Coldstream Regiment of Footguards [Recruiting NA Players]
443	December 31, 2012, 10:52:31 pm	Regiments	Re: 2nd Coldstream Regiment of Footguards [Recruiting NA Players]
443	December 26, 2012, 10:37:33 am	Regiments	Re: 2nd Coldstream Regiment of Footguards [Recruiting NA Players]
443	December 25, 2012, 09:13:03 pm	Regiments	Re: 2nd Coldstream Regiment of Footguards [Recruiting NA Players]
443	December 21, 2012, 02:25:47 am	Regiments	Re: 2nd Coldstream Regiment of Footguards [Recruiting NA Players]
443	December 21, 2012, 12:00:02 am	Regiments	Re: 2nd Coldstream Regiment of Footguards [Recruiting NA Players]
1588	December 20, 2012, 09:11:10 pm	Events: EU	Re: Thursday North American Public Linebattle
443	December 20, 2012, 01:31:11 am	Regiments	Re: 2nd Coldstream Regiment of Footguards [Recruiting NA Players]
443	December 17, 2012, 04:10:29 am	Regiments	Re: 2nd Coldstream Regiment of Footguards [Recruiting NA Players]
443	December 17, 2012, 01:08:44 am	Regiments	Re: 2nd Coldstream Regiment of Footguards [Recruiting NA Players]
443	December 15, 2012, 07:08:14 am	Regiments	Re: 2nd Coldstream Regiment of Footguards [Recruiting NA Players]
443	December 15, 2012, 12:46:08 am	Regiments	Re: 2nd Coldstream Regiment of Footguards [Recruiting NA Players]
1356	December 13, 2012, 02:07:19 am	Regiments	Re: 15y Keivskiy Grenaderskiy Polk [NA] (Recruiting Mature NA Players)
1275	December 12, 2012, 05:46:19 pm	Community	Re: Glory's signatures
1275	December 11, 2012, 08:52:19 pm	Community	Re: Glory's signatures
1275	December 11, 2012, 05:32:09 am	Community	Re: Glory's signatures
1275	December 11, 2012, 04:33:31 am	Community	Re: Glory's signatures
443	December 10, 2012, 10:57:08 pm	Regiments	Re: 2nd Coldstream Regiment of Footguards [Recruiting NA Players]
1275	December 10, 2012, 04:11:05 pm	Community	Re: Glory's signatures
1275	December 08, 2012, 05:49:23 pm	Community	Re: Glory's signatures
443	December 07, 2012, 04:53:46 am	Regiments	Re: 2nd Coldstream Regiment of Footguards [Recruiting NA Players]
443	December 05, 2012, 02:10:02 pm	Regiments	Re: 2nd Coldstream Regiment of Footguards [Recruiting NA Players]
443	December 05, 2012, 02:47:04 am	Regiments	Re: 2nd Coldstream Regiment of Footguards [Recruiting NA Players]
443	December 04, 2012, 06:09:20 pm	Regiments	Re: 2nd Coldstream Regiment of Footguards [Recruiting NA Players]
443	December 04, 2012, 10:11:16 am	Regiments	Re: 2nd Coldstream Regiment of Footguards [Recruiting NA Players]
443	December 03, 2012, 05:33:12 pm	Regiments	Re: 2nd Coldstream Regiment of Footguards [Recruiting NA Players]
443	December 03, 2012, 05:26:59 pm	Regiments	Re: 2nd Coldstream Regiment of Footguards [Recruiting NA Players]
443	December 03, 2012, 05:19:11 pm	Regiments	Re: 2nd Coldstream Regiment of Footguards [Recruiting NA Players]
443	December 03, 2012, 07:23:28 am	Regiments	Re: 2nd Coldstream Regiment of Footguards [Recruiting NA Players]
443	December 02, 2012, 09:00:32 am	Regiments	Re: 2nd Coldstream Regiment of Footguards [Recruiting NA Players]
443	December 02, 2012, 02:31:34 am	Regiments	Re: 2nd Coldstream Regiment of Footguards [Recruiting NA Players]
443	December 02, 2012, 12:27:09 am	Regiments	Re: 2nd Coldstream Regiment of Footguards [Recruiting NA Players]
443	December 01, 2012, 04:45:15 pm	Regiments	Re: 2nd Coldstream Regiment of Footguards [Recruiting NA Players]
443	December 01, 2012, 08:53:14 am	Regiments	Re: 2nd Coldstream Regiment of Footguards [Recruiting NA Players]
1005	December 01, 2012, 05:13:11 am	Servers	Re: Napoleonic Wars: Administrative Applications
443	December 01, 2012, 04:24:18 am	Regiments	Re: 2nd Coldstream Regiment of Footguards [Recruiting NA Players]
443	November 30, 2012, 09:59:43 pm	Regiments	Re: 2nd Coldstream Regiment of Footguards [Recruiting NA Players]
443	November 30, 2012, 03:49:22 am	Regiments	Re: 2nd Coldstream Regiment of Footguards [Recruiting NA Players]
443	November 29, 2012, 12:51:14 am	Regiments	Re: 2nd Coldstream Regiment of Footguards [Recruiting NA Players]
443	November 28, 2012, 09:42:44 pm	Regiments	Re: 2nd Coldstream Regiment of Footguards [Recruiting NA Players]
443	November 28, 2012, 12:47:16 pm	Regiments	Re: 2nd Coldstream Regiment of Footguards [Recruiting NA Players]
443	November 28, 2012, 07:43:27 am	Regiments	Re: 2nd Coldstream Regiment of Footguards [Recruiting NA Players]
443	November 28, 2012, 06:49:07 am	Regiments	Re: 2nd Coldstream Regiment of Footguards [Recruiting NA Players]
443	November 28, 2012, 03:59:48 am	Regiments	Re: 2nd Coldstream Regiment of Footguards [Recruiting NA Players]
443	November 23, 2012, 09:56:24 pm	Regiments	Re: 2nd Coldstream Regiment of Footguards [Recruiting NA Players]
443	November 22, 2012, 07:47:27 pm	Regiments	Re: 2nd Coldstream Regiment of Footguards [Recruiting NA Players]
443	November 22, 2012, 01:40:42 am	Regiments	Re: 2nd Coldstream Regiment of Footguards [Recruiting NA Players]
443	November 21, 2012, 06:35:10 am	Regiments	Re: 2nd Coldstream Regiment of Footguards [Recruiting NA Players]
443	November 20, 2012, 06:44:06 pm	Regiments	Re: 2nd Coldstream Regiment of Footguards [Recruiting NA Players]
207	November 20, 2012, 06:39:55 pm	Regiments	Re: 2nd Coldstream Guards [EU] Recruiting
443	November 20, 2012, 05:12:24 am	Regiments	Re: 2nd Coldstream Regiment of Footguards [Recruiting NA Players]
443	November 19, 2012, 11:56:20 pm	Regiments	Re: 2nd Coldstream Regiment of Footguards [Recruiting NA Players]
443	November 19, 2012, 09:23:07 am	Regiments	Re: 2nd Coldstream Regiment of Footguards [Recruiting NA Players]
443	November 19, 2012, 12:48:59 am	Regiments	Re: 2nd Coldstream Regiment of Footguards [Recruiting NA Players]
443	November 18, 2012, 07:27:52 pm	Regiments	Re: 2nd Coldstream Regiment of Footguards [Recruiting NA Players]
443	November 18, 2012, 05:48:56 am	Regiments	Re: 2nd Coldstream Regiment of Footguards [Recruiting NA Players]
443	November 18, 2012, 12:01:13 am	Regiments	Re: 2nd Coldstream Regiment of Footguards [Recruiting NA Players]
443	November 17, 2012, 08:29:13 pm	Regiments	Re: 2nd Coldstream Regiment of Footguards [Recruiting NA Players]
443	November 17, 2012, 07:54:04 pm	Regiments	Re: 2nd Coldstream Regiment of Footguards [Recruiting NA Players]
443	November 17, 2012, 07:27:09 pm	Regiments	Re: 2nd Coldstream Regiment of Footguards [Recruiting NA Players]
443	November 17, 2012, 09:37:58 am	Regiments	Re: 2nd Coldstream Regiment of Footguards [Recruiting NA Players]
443	November 17, 2012, 06:46:13 am	Regiments	Re: 2nd Coldstream Regiment of Footguards [Recruiting NA Players]
443	November 17, 2012, 04:35:13 am	Regiments	Re: 2nd Coldstream Regiment of Footguards [Recruiting NA Players]
443	November 17, 2012, 03:24:09 am	Regiments	Re: 2nd Coldstream Regiment of Footguards [Recruiting NA Players]
443	November 17, 2012, 01:08:13 am	Regiments	Re: 2nd Coldstream Regiment of Footguards [Recruiting NA Players]
443	November 17, 2012, 12:17:27 am	Regiments	Re: 2nd Coldstream Regiment of Footguards [Recruiting NA Players]
443	November 16, 2012, 12:08:05 am	Regiments	Re: 2nd Coldstream Regiment of Footguards [Recruiting NA Players]
671	November 15, 2012, 07:34:10 pm	Regiments	Re: 2nd Foot Guard Regiment (2nd FGR)
443	November 15, 2012, 06:52:30 am	Regiments	Re: 2nd Coldstream Regiment of Footguards [Recruiting NA Players]
200	November 15, 2012, 06:15:52 am	Off Topic	Re: College Football
42	November 15, 2012, 01:37:47 am	Regiments	Re: 9ème Regiment d'Infanterie Légère / 9e Régiment de Hussards
13476	November 15, 2012, 01:36:39 am	Regiments	Re: Re: Bataillon des Marins de la Garde Impériale [NA]
443	November 15, 2012, 12:51:17 am	Regiments	Re: 2nd Coldstream Regiment of Footguards [Recruiting NA Players]
42	November 14, 2012, 10:19:19 pm	Regiments	Re: 9ème Regiment d'Infanterie Légère / 9e Régiment de Hussards
443	November 14, 2012, 06:04:09 pm	Regiments	Re: 2nd Coldstream Regiment of Footguards [Recruiting NA Players]
33	November 14, 2012, 02:35:23 am	Regiments	Re: The 1st East Prussian Infantry
399	November 13, 2012, 08:13:20 am	Regiments	Re: 00th Intergalactic Space Regiment
443	November 13, 2012, 08:05:50 am	Regiments	Re: 2nd Coldstream Regiment of Footguards [Recruiting NA Players]
443	November 13, 2012, 03:15:47 am	Regiments	Re: 2nd Coldstream Regiment of Footguards [Recruiting NA Players]
443	November 12, 2012, 10:34:28 pm	Regiments	Re: 2nd Coldstream Regiment of Footguards [Recruiting NA Players]
443	November 12, 2012, 10:15:52 pm	Regiments	2nd (Coldstream) Regiment of Foot Guards
